ABACUS ABBACY ABDUCT ABELIA ABJECT ABJURE ABLATE ABLAUT ABLAZE ABLOOM ABOARD ABORAL ABOUND ABRADE ABROAD ABRUPT ABSENT ABSORB ABSURD ABULIA ACACIA ACARID ACCEDE ACCENT ACCEPT ACCORD ACCOST ACCRUE ACCUSE ACETAL ACETYL ACHENE ACHING ACIDIC ACINAR ACINUS ACQUIT ACROSS ACTING ACTION ACTIVE ACTUAL ACUITY ACUMEN ADAGIO ADDEND ADDICT ADDUCE ADDUCT ADHERE ADJOIN ADJURE ADJUST ADMIRE ADNATE ADNEXA ADNOUN ADRIFT ADROIT ADSORB ADVENT ADVERB ADVERT ADVICE ADVISE ADWARE ADYTUM AECIUM AEDILE AERATE AERIAL AEROBE AETHER AFFAIR AFFECT AFFINE AFFIRM AFFLUX AFFORD AFIELD AFLAME AFLOAT AFRAID AFREET AFRESH AFTOSA AGARIC AGEISM AGENCY AGENDA AGHAST AGLEAM AGNAIL AGNATE AGONAL AGOUTI AGRAFE AGREED AGUIZE AHIMSA AIDMAN AIDMEN AIKIDO AIRBAG AIRIER AIRMAN AIRMEN AIRWAY AKIMBO ALANYL ALASKA ALBEDO ALBEIT ALBERT ALBINO ALBITE ALCADE ALCAIC ALCOVE ALDERN ALDOSE ALDRIN ALEVIN ALEXIA ALEXIC ALEXIN ALIGHT ALIYAH ALIYOT ALKALI ALKANE ALKENE ALKOXY ALKYNE ALLEGE ALLELE ALLIED ALLIUM ALLUDE ALLURE ALMOND ALMOST ALNICO ALOGIA ALPACA ALPINE ALUMNA AMAZON AMBUSH AMELIA AMMINE AMNION AMOEBA AMORAL AMOUNT AMPERE AMPULE AMTRAC AMULET AMUSED AMUSIA AMYTAL ANALOG ANARCH ANCHOR ANEMIA ANEMIC ANERGY ANGINA ANGLER ANGOLA ANGORA ANIMAL ANIMUS ANKLET ANLAGE ANNEAL ANNUAL ANOINT ANOMIE ANONYM ANOPIA ANORAK ANOXIA ANOXIC ANSWER ANTHEM ANTHER ANTING ANTLER ANTRAL ANTRUM ANURAN ANURIA ANYHOW ANYONE ANYWAY AORIST AORTIC AOUDAD APACHE APATHY APHTHA APIARY APICAL APIECE APLITE APLOMB APODAL APOGEE APOLLO APORIA APOZEM APPALL APPEAL APPEAR APPEND APPLET APPOSE ARABIC ARABLE ARALIA ARAMID ARBOUR ARCADE ARCANE ARCHER ARCHIL ARCHLY ARCHON ARCTIC ARDENT AREOLA AREOLE ARGALI ARGENT ARGOSY ARGYLE ARIGHT ARIOSO ARISTA ARKOSE ARMADA ARMFUL ARMLET ARMORY ARMPIT ARNICA AROUND AROUSE ARPENT ARRACK ARRANT ARREAR ARREST ARRIVE ARROBA ARROWY ARROYO ARSINE ARTERY ARTFUL ASARUM ASCEND ASCENT ASHCAN ASHLAR ASHORE ASHRAM ASIAGO ASKING ASLEEP ASLOPE ASPECT ASPIRE ASSAIL ASSENT ASSERT ASSIGN ASSIST ASSIZE ASSORT ASSUME ASSURE ASTERN ASTHMA ASTRAL ASTRAY ASTUTE ASWARM ASYLUM ATAXIA ATLATL ATOMIC ATONAL ATONIA ATONIC ATOPIC ATRIAL ATRIUM ATTACH ATTACK ATTAIN ATTEND ATTEST ATTIRE ATTORN ATTUNE AUBADE AUBURN AUCUBA AUDILE AUGITE AUGURY AUGUST AUKLET AUNTIE AURORA AUSPEX AUTEUR AUTHOR AUTISM AUTUMN AVATAR AVAUNT AVENGE AVENUE AVERSE AVIARY AVIATE AVIDLY AVOCET AWAKEN AWHILE AWNING AXILLA AZALEA AZONIC BABBLE BABOON BACKED BACKER BACKUP BADASS BADDIE BADGER BAFFLE BAGGER BAGGIE BAGMAN BAGMEN BAGUET BAILEE BAILER BAILEY BAILIE BAILOR BAKERY BAKING BALATA BALBOA BALDER BALDLY BALEEN BALLAD BALLET BALLOT BALLSY BALLUP BALSAM BALTIC BAMBOO BANANA BANDED BANDIT BANDOG BANGER BANGLE BANIAN BANISH BANKER BANNED BANNER BANTAM BANTER BANYAN BANZAI BAOBAB BARBED BARBEL BARBER BARBET BARBIE BARDIC BARELY BARGEE BARING BARISH BARITE BARIUM BARKER BARLEY BARMAN BARMEN BARNEY BARONG BARONY BARQUE BARRED BARREL BARREN BARRIE BARRIO BARROW BARTER BARTON BARYON BARYTA BASALT BASELY BASHER BASKET BASQUE BASSET BASTER BASUCO BATATA BATEAU BATHER BATMAN BATTEN BATTER BATTLE BAUBLE BAWLER BAYARD BAZAAR BEACON BEADED BEADLE BEAGLE BEAKER BEAMER BEANIE BEARER BEATEN BEATER BEAUTY BEAVER BECALM BECKET BECKON BECOME BEDBUG BEDDED BEDECK BEDLAM BEDPAN BEDSIT BEDUIN BEEPER BEETLE BEFALL BEFORE BEFOUL BEGGAR BEGONE BEHALF BEHAVE BEHEAD BEHEST BEHIND BEHOLD BEHOOF BEHOVE BELDAM BELFRY BELIAL BELIEF BELIVE BELLOW BELONG BELTED BELTER BELUGA BEMOAN BEMUSE BENDED BENDER BENIGN BENNET BENUMB BENZAL BENZIL BENZOL BENZYL BERATE BEREFT BERGEN BERLIN BERTHA BESIDE BESTIR BESTOW BETAKE BETHEL BETIDE BETONY BETRAY BETTER BETTOR BEWAIL BEWARE BEYOND BEZANT BEZOAR BHAKTI BHINDI BHISTI BIASED BICARB BICEPS BICKER BICKIE BICORN BIDDER BIFACE BIGAMY BIGEYE BIGGER BIGGIE BIGGIN BIGWIG BIKINI BIKKIE BILLED BILLET BILLON BILLOW BINARY BINDER BINGER BINGLE BIOGAS BIONIC BIOPIC BIOPSY BIOTIC BIOTIN BIRDER BIRDIE BIREME BIRKEN BISECT BISHOP BISQUE BISTER BISTRE BISTRO BITING BITMAP BITTER BITTIE BLAMED BLANCH BLAZER BLAZON BLEACH BLEARY BLENCH BLENDE BLENNY BLIGHT BLIMEY BLINTZ BLITHE BLOBBY BLOCKY BLONDE BLOODY BLOTCH BLOTTO BLOTTY BLOUSE BLOWER BLOWIE BLOWSY BLOWUP BLUDGE BLUESY BLUING BLUISH BLURRY BOATER BOBBER BOBBIN BOBBLE BOBCAT BOCCIA BOCCIE BODEGA BODICE BODIED BODILY BODING BODKIN BOFFIN BOGART BOGGLE BOHUNK BOILED BOILER BOLDLY BOLERO BOLETE BOLIDE BOLLIX BOLSHY BOLTER BOMBAX BOMBED BOMBER BOMBUS BOMBYX BONBON BONDER BONITO BONNET BONNIE BONOBO BONSAI BONZER BOODLE BOOGER BOOGIE BOOHOO BOOJUM BOOKED BOOKER BOOKIE BOOMER BOOTED BOOTEE BOOTIE BOOZER BOPPER BORAGE BORATE BORDER BOREAL BOREAS BORIDE BORING BORROW BORSCH BORSHT BORZOI BOSOMY BOSTON BOTANY BOTFLY BOTHER BOTNET BOTTLE BOTTOM BOUFFE BOUGIE BOULEZ BOULLE BOUNCE BOUNCY BOUNDS BOUNTY BOURNE BOURSE BOUTON BOVINE BOWELS BOWERY BOWFIN BOWING BOWLEG BOWLER BOWMAN BOWSER BOWYER BOXCAR BOXERS BOXING BOYISH BRACED BRACER BRACES BRAHMA BRAINS BRAINY BRAISE BRAKES BRANCH BRANDY BRANKS BRASIL BRASSY BRATTY BRAWNY BRAYER BRAZEN BRAZIL BREACH BREAKS BREAST BREATH BRECHT BREECH BREEKS BREEZE BREEZY BREGMA BREKKY BREMEN BRETON BREUER BREVET BREWER BRIARD BRIDAL BRIDGE BRIDLE BRIEFS BRIGHT BRIGID BRIGIT BRIONY BRITON BROACH BROGAN BROGUE BROKEN BROKER BROLGA BROLLY BRONCO BRONTE BRONZE BROOCH BROODY BROOKE BROOKS BROWNE BROWNY BROWSE BRUGES BRUISE BRUMAL BRUMBY BRUNCH BRUNEI BRUNET BRUSHY BRUTAL BRUTUS BRYONY BUBBLE BUBBLY BUCCAL BUCKET BUCKLE BUDDHA BUDDLE BUDGET BUDGIE BUFFER BUFFET BUGGED BUGGER BUGLER BULBAR BULBUL BULGUR BULLET BUMBAG BUMBLE BUMMER BUMPER BUNDLE BUNGEE BUNGLE BUNION BUNKER BUNKUM BUNSEN BUNUEL BUNYAN BUNYIP BURBLE BURBOT BURDEN BUREAU BURGEE BURGER BURGLE BURGOO BURIAL BURIED BURLAP BURNED BURNER BURNET BURRED BURROW BURSAR BURTON BUSBAR BUSBOY BUSHED BUSHEL BUSILY BUSKER BUSKIN BUSMAN BUSPAR BUSTED BUTTER BUTTON BYPASS BYWORD CABALA CABANA CABBIE CABELL CACHET CACKLE CACTUS CADDIE CADDIS CADENT CADGER CADMUS CAECUM CAELUM CAESAR CAFARD CAFFER CAFTAN CAGNEY CAHIER CAHOOT CAIMAN CAIQUE CAJOLE CALABA CALAIS CALASH CALDER CALICO CALIPH CALLAS CALLER CALLOW CALLUS CALMLY CALPAC CALQUE CALVIN CAMAIL CAMBER CAMDEN CAMERA CAMION CAMPER CAMPUS CANAAN CANADA CANARD CANARY CANCAN CANCEL CANCER CANCUN CANDID CANDLE CANDOR CANGUE CANINE CANING CANKER CANNAE CANNED CANNER CANNES CANNON CANNOT CANOLA CANOPY CANTAB CANTED CANTER CANTLE CANTON CANTOR CANUCK CANUTE CANVAS CANYON CAPFUL CAPIAS CAPLET CAPLIN CAPONE CAPOTE CAPPED CAPPER CAPSID CAPTOR CARAFE CARBON CARBOY CARDER CARDIA CAREEN CAREER CARESS CARFUL CARHOP CARIBE CARICA CARIES CARINA CARING CARLOS CARMAN CARNAL CARNET CARNEY CARNOT CARPAL CARPEL CARPER CARPET CARPUS CARREL CARROT CARSON CARTEL CARTER CARTON CARUSO CARVED CARVEL CARVEN CARVER CASABA CASALS CASAVA CASBAH CASEIN CASHED CASHEW CASING CASINO CASKET CASPAR CASPER CASQUE CASSIA CASSIE CASSIS CASTER CASTLE CASTOR CASTRO CASUAL CATCHY CATENA CATGUT CATHAY CATHER CATION CATKIN CATNAP CATNIP CATSUP CATTIE CATTLE CAUCUS CAUDAL CAUDEX CAUDLE CAUSAL CAUSER CAUSEY CAVEAT CAVELL CAVERN CAVIAR CAVITY CAVORT CAXTON CAYMAN CAYUGA CAYUSE CECITY CEDING CEDRUS CEFTIN CELERY CELIAC CELLAR CELTIC CELTIS CEMENT CENOTE CENSER CENSOR CENSUS CENTAL CENTAS CENTER CENTRE CERCIS CEREAL CEREUS CERISE CERIUM CERMET CEROUS CERTES CERUSE CERVID CERVIX CERVUS CESIUM CESTUS CETANE CEYLON CHABAD CHADAR CHADOR CHAFED CHAFER CHAFFY CHAGGA CHAINS CHAISE CHAKRA CHALET CHALKY CHANAL CHANCE CHANCY CHANDI CHANGE CHANTY CHAPEL CHARAS CHARGE CHARON CHASED CHASER CHASSE CHASTE CHATTY CHAVEZ CHEAPO CHEEKY CHEERS CHEERY CHEESE CHEESY CHEKOV CHEMIC CHEOPS CHEQUE CHERRY CHERUB CHESTY CHEVET CHEVVY CHIASM CHICHA CHICHI CHICLE CHIGOE CHILLI CHILLY CHILOE CHIMER CHINCH CHINKY CHINTZ CHIPPY CHIRAL CHIRON CHIRPY CHISEL CHITIN CHITON CHIVES CHIVVY CHOICE CHOKED CHOKER CHOKEY CHOLER CHOLLA CHOOSE CHOOSY CHOPIN CHOPPY CHORAL CHOREA CHORUS CHOSEN CHOUGH CHOUSE CHRISM CHRIST CHROMA CHROME CHROMO CHUBBY CHUKKA CHUMMY CHUNGA CHUNKY CHURCH CIALIS CICADA CICELY CICERO CICUTA CILICE CILIUM CINDER CINEMA CINQUE CIPHER CIRCLE CIRCUS CIRQUE CIRRUS CISTUS CITOLE CITRIC CITRIN CITRON CITRUS CIVICS CIVIES CLAMMY CLAMOR CLAQUE CLARET CLASSY CLATCH CLAUSE CLAVER CLAVUS CLAWED CLAXON CLAYEY CLEATS CLEAVE CLENCH CLEOME CLERGY CLERIC CLEVER CLEVIS CLICHY CLIENT CLIMAX CLINCH CLINGY CLINIC CLIQUE CLOACA CLOCHE CLOCKS CLOMID CLONAL CLONIC CLONUS CLOROX CLOSED CLOSER CLOSET CLOTHE CLOTHO CLOUDY CLOUGH CLOVEN CLOVER CLOVIS CLUMPY CLUMSY CLUNCH CLUNKY CLUSIA CLUTCH COARSE COATED COBALT COBBER COBBLE COBWEB COCAIN COCCUS COCCYX COCHIN COCKER COCKLE COCOON CODDLE CODGER CODIFY CODING COELOM COERCE COEVAL COFFEA COFFEE COFFER COFFIN COFFLE COGENT COGGLE COGNAC COHERE COHORT COHOSH COIFFE COILED COINER COITAL COITUS COLEUS COLIMA COLLAR COLLET COLLIE COLONY COLORS COLOUR COLTAN COLTER COLUGO COLUMN COMBAT COMBED COMBER COMEDO COMEDY COMELY COMETH COMFIT COMING COMINT COMITY COMMIE COMMIS COMMIT COMMIX COMMON COMPEL COMPLY CONCHA CONCUR CONDOM CONDOR CONFAB CONFER CONFIT CONGEE CONGER CONIUM CONKER CONOID CONRAD CONSUL CONTRA CONVEX CONVEY CONVOY COOKED COOKER COOKIE COOLER COOLIE COOLLY COOPER COOTER COOTIE COPIER COPING COPLEY COPPER COPTER COPTIC COPTIS COPULA COQUET CORBAN CORBEL CORBIE CORDAY CORDED CORDIA CORDON CORIUM CORKED CORKER CORNEA CORNED CORNEL CORNER CORNET CORNUS CORONA COROZO CORPSE CORPUS CORRAL CORRIE CORSET CORTEF CORTES CORTEX CORTEZ CORVUS CORYMB CORYZA COSIGN COSINE COSMIC COSMID COSMOS COSSET COSTAL COSTER COSTIA COSTLY COTTER COTTON COUGAR COULEE COULIS COUNTY COUPLE COUPON COURSE COUSIN COVERT COVING COWARD COWBOY COWLED COWMAN COWPEA COWPER COWPIE COWPOX COWRIE COYDOG COYOTE COZZIE CRABBY CRACOW CRADLE CRAFTY CRAGGY CRANKY CRANNY CRAPPY CRATER CRATON CRAVAT CRAVED CRAVEN CRAYON CRAZED CREAKY CREAMY CREASE CREASY CREATE CREDIT CREEPS CREEPY CREESE CRENEL CREOLE CRESOL CRETAN CRETIC CRETIN CREWEL CRIKEY CRIMBO CRIMEA CRINGE CRIPES CRISIS CRISPY CRITIC CROAKY CROCUS CRONUS CROSBY CROSSE CROTCH CROTON CROUCH CROUPE CROUPY CROUSE CRUDDY CRUISE CRUMBS CRUMBY CRUMMY CRUNCH CRURAL CRUSTY CRUTCH CRYING CUBISM CUBIST CUBOID CUCKOO CUDDLE CUDDLY CUDGEL CUESTA CUISSE CULLET CULTUS CUMANA CUMBER CUMMIN CUNEUS CUNNER CUPOLA CUPPER CUPRIC CUPULE CURARE CURATE CURDLE CURFEW CURING CURIUM CURLED CURLER CURLEW CURSED CURSER CURSES CURSOR CURTIS CURTLY CURTSY CURULE CURVED CURVET CURVEY CUSCUS CUSHAW CUSPID CUSSED CUSTER CUSTOM CUTELY CUTESY CUTLAS CUTLER CUTLET CUTOFF CUTOUT CUTTER CUTTLE CUVIER CYBELE CYBORG CYCLER CYCLIC CYGNET CYGNUS CYMBAL CYMENE CYMOSE CYMRIC CYPHER CYPRUS CYSTIC CZERNY DABBER DABBLE DACHAU DACITE DACOIT DACRON DACTYL DAEDAL DAEMON DAGGER DAGOBA DAHLIA DAIKON DAIMON DAINTY DAKOTA DALETH DALIAN DALLAS DALTON DAMAGE DAMASK DAMMIT DAMNED DAMPEN DAMPER DAMSEL DAMSON DANAUS DANCER DANDER DANDLE DANGER DANGLE DANGLY DANIEL DANISH DANTON DANUBE DANZIG DAOISM DAPHNE DAPPER DAPPLE DARDAN DARFUR DARING DARKEN DARKIE DARKLE DARKLY DARNED DARNEL DARNER DARROW DARTER DARVON DARWIN DASARA DASHED DASHER DASSIE DATCHA DATING DATIVE DATRIL DATURA DAUBER DAWDLE DAWSON DAYBED DAYFLY DAYPRO DAYTON DAZZLE DEACON DEADEN DEADLY DEAFEN DEALER DEARIE DEARLY DEARTH DEBARK DEBASE DEBATE DEBILE DEBONE DEBRIS DEBTOR DEBUNK DECADE DECAMP DECANE DECANT DECEIT DECENT DECIDE DECILE DECIUS DECKER DECKLE DECLAW DECODE DECREE DEDUCE DEDUCT DEEJAY DEEPEN DEEPLY DEFACE DEFAME DEFANG DEFEAT DEFECT DEFEND DEFILE DEFINE DEFORM DEFRAG DEFRAY DEFTLY DEFUSE DEGREE DEICER DEIFIC DEIMOS DEIXIS DEJECT DEKKER DELATE DELETE DELICT DELIST DELIUS DELPHI DELUDE DELUGE DELUXE DELVER DEMAND DEMARK DEMEAN DEMENT DEMISE DEMOTE DEMURE DENALI DENARY DENGUE DENIAL DENIER DENOTE DENTAL DENTED DENTIL DENTIN DENUDE DENVER DEODAR DEPART DEPEND DEPICT DEPLOY DEPORT DEPOSE DEPUTE DEPUTY DERAIL DERAIN DERATE DERIDE DERIVE DERMAL DERMIS DESCRY DESERT DESIGN DESIRE DESIST DESMID DESORB DESPOT DETACH DETAIL DETAIN DETECT DETENT DETEST DETHAW DETOUR DEVEIN DEVICE DEVISE DEVOID DEVOIR DEVOTE DEVOUR DEVOUT DEWLAP DEWORM DEXONE DEXTER DHARMA DIABLE DIABLO DIACID DIADEM DIALOG DIAPER DIAPIR DIATOM DIBBER DIBBLE DIBBUK DICKER DICKEY DICKIE DICTUM DIDDLE DIDDLY DIDION DIESEL DIESIS DIETER DIFFER DIGEST DIGGER DIGRAM DIKTAT DILATE DILUTE DIMITY DIMMED DIMMER DIMPLE DIMWIT DINERO DINGER DINGHY DINGLE DINGUS DINING DINKEY DINKUM DINNER DIOVAN DIOXIN DIPNOI DIPOLE DIPPED DIPPER DIRECT DIRELY DIRHAM DIRNDL DISARM DISBAR DISCUS DISMAL DISMAY DISOWN DISPEL DISTAL DISTIL DISTRO DISUSE DITHER DIURIL DIVALI DIVERS DIVERT DIVEST DIVIDE DIVINE DIVING DIWALI DJEMBE DJINNI DOABLE DOBBER DOBBIN DOBSON DOCENT DOCILE DOCKER DOCKET DOCTOR DODDER DODDLE DODGEM DODGER DODOMA DOGGED DOGGER DOGGIE DOGLEG DOINGS DOLLAR DOLLOP DOLMAN DOLMAS DOLMEN DOLOUR DOMAIN DOMINE DOMINO DONATE DONGLE DONJON DONKEY DOOBIE DOODAD DOODAH DOODLE DOOFUS DOOMED DOOSRA DOOVER DOOZIE DOPANT DORADO DORIAN DORMER DORMIE DORSAL DORSET DORSUM DOSAGE DOSSEL DOSSER DOTAGE DOTARD DOTING DOTTED DOTTLE DOUALA DOUBLE DOUBLY DOUCHE DOUGHY DOVISH DOWERY DOWNER DOWSER DOZENS DRACHM DRAFTY DRAGON DRAPED DRAPER DRAWAL DRAWEE DRAWER DREAMY DREARY DREDGE DREIDL DRENCH DRESSY DRIPPY DRIVEL DRIVEN DRIVER DROGUE DROLLY DRONGO DROOPY DROPSY DROUTH DROVER DROWSE DROWSY DRUDGE DRUGGY DRUSEN DRYDEN DUBBIN DUBLIN DUCKIE DUELER DUENNA DUETTE DUFFEL DUFFER DUFFLE DUGONG DUGOUT DULCET DULLED DULLES DULUTH DUMDUM DUMPER DUMUZI DUNCAN DUNDEE DUNKER DUNLIN DUPLEX DURANT DURBAN DURBAR DURESS DURHAM DURIAN DURING DURION DURRES DUSTER DUSTUP DVORAK DYADIC DYBBUK DYEING DYNAMO DYNAST EAGLET EARFUL EARING EARNED EARTHY EARWAX EARWIG EASILY EASING EASTER EATERY EATING EBBING EBCDIC EBITDA ECCLES ECHIUM ECHOEY ECHOIC ECLAIR ECOSOC ECZEMA EDENIC EDGING EDIBLE EDIRNE EDISON EDITED EDITOR EDWARD EERILY EFFACE EFFECT EFFETE EFFIGY EFFING EFFLUX EFFORT EFFUSE EGBERT EGERIA EGESTA EGGNOG EGOISM EGOIST EGRESS EIFFEL EIGHTH EIGHTY EITHER EJECTA ELAPHE ELAPID ELAPSE ELATED ELAVIL ELDEST ELEVEN ELFISH ELICIT ELIJAH ELIXIR ELMONT ELODEA ELOHIM ELSASS ELSPAR ELUATE ELVISH EMBALM EMBARK EMBLEM EMBODY EMBOSS EMBRYO EMERGE EMESIS EMETIC EMILIA EMPIRE EMPLOY EMPTOR ENABLE ENAMEL ENAMOR ENBREL ENCAMP ENCASE ENCASH ENCODE ENCORE ENCYST ENDEAR ENDING ENDIVE ENDURE ENERGY ENESCO ENFOLD ENGAGE ENGELS ENGINE ENGRAM ENGULF ENIGMA ENJOIN ENKIDU ENLACE ENLIST ENMESH ENMITY ENNEAD ENOSIS ENOUGH ENOVID ENRAGE ENRAPT ENRICH ENROLL ENROOT ENSETE ENSIGN ENSILE ENSOUL ENSURE ENTAIL ENTICE ENTIRE ENTITY ENTOMB ENTRAP ENURED ENZYME EOCENE EOLIAN EOLITH EPHEBE EPICAL EPILOG EPIRUS EPONYM EQUATE EQUINE EQUIPT EQUITY ERASER ERBIUM EREBUS ERINYS ERLANG ERMINE ERODED EROTIC ERRAND ERRANT ERRING ERSATZ ERVING ESCAPE ESCHAR ESCHEW ESCORT ESCROW ESCUDO ESKIMO ESPANA ESPIAL ESPRIT ESSENE ESTATE ESTEEM ESTHER ESTRUS ETALON ETCHED ETCHER ETHANE ETHENE ETHICS ETHNIC ETHNOS ETHYNE ETYMON EUCHRE EUCLID EUGENE EULOGY EUNUCH EUPNEA EUREKA EUROPA EUROPE EVADER EVENKI EVENLY EVILLY EVINCE EVOKED EVOLVE EXABIT EXACTA EXAMEN EXARCH EXCEED EXCEPT EXCESS EXCISE EXCITE EXCUSE EXEDRA EXEMPT EXETER EXEUNT EXHALE EXHORT EXHUME EXILIC EXMOOR EXOCET EXODUS EXOGEN EXOTIC EXPAND EXPECT EXPEND EXPERT EXPIRE EXPIRY EXPORT EXPOSE EXTANT EXTEND EXTENT EXTERN EXTORT EYECUP EYEFUL EYELET EYELID FABIAN FABLED FABRIC FACADE FACIAL FACIES FACILE FACING FACTOR FACTUM FADING FAECAL FAECES FAERIE FAFNIR FAGGED FAGGOT FAILLE FAIRLY FAISAL FAJITA FAKERY FALCON FALLEN FALLER FALLOT FALLOW FALTER FAMILY FAMINE FAMISH FAMOUS FANDOM FANGLE FANJET FANNED FANTAN FAQUIR FARDEL FARINA FARMER FAROES FARROW FASCES FASCIA FASTEN FASTER FASTLY FATHER FATHOM FATIHA FATIMA FATISM FATTEN FATWAH FAUCES FAUCET FAULTY FAUNAL FAUNUS FAVELA FAVISM FAVOUR FAWKES FEALTY FECUND FEDORA FEEBLE FEEBLY FEEDER FEELER FEIJOA FEISTY FELINE FELLAH FELLER FELLOW FELONY FELTED FEMALE FENCER FENDER FENIAN FENNEC FENNEL FENRIR FEOSOL FERBER FERGON FERIAL FERINE FERMAT FERRET FERRIC FERULE FERVID FERVOR FESCUE FESTAL FESTER FETICH FETISH FETTER FETTLE FEUDAL FIACRE FIASCO FIBBER FIBRIL FIBRIN FIBULA FICKLE FIDDLE FIDDLY FIDGET FIELDS FIERCE FIESTA FIGURE FIJIAN FILIAL FILING FILLED FILLER FILLET FILLIP FILMED FILMIC FILTER FILTHY FINALE FINCEN FINDER FINELY FINERY FINGER FINIAL FINISH FINITE FIPPLE FIRING FIRKIN FIRMAN FIRMLY FISCAL FISHER FITFUL FITTED FITTER FIXATE FIXING FIXITY FIZGIG FIZZER FIZZLE FLABBY FLACON FLAGON FLAGYL FLAKEY FLAMEN FLANGE FLASHY FLATLY FLATUS FLAUNT FLAVIN FLAVOR FLAWED FLAXEN FLEDGE FLEECE FLEECY FLENSE FLESHY FLETCH FLEXOR FLICKS FLIGHT FLIMSY FLINCH FLINTY FLIRTY FLITCH FLOATY FLOOZY FLOPPY FLORAL FLORET FLORID FLORIN FLORIO FLOSSY FLOWER FLUENT FLUFFY FLUKEY FLUNKY FLURRY FLYING FLYSCH FLYWAY FODDER FOETAL FOETID FOETUS FOGBOW FOIBLE FOILED FOLATE FOLDER FOLIAR FOLIUM FOLKSY FOLLOW FOMENT FOMITE FONDLE FONDLY FONDUE FONTAL FOODIE FOOTED FOOTER FOOTIE FOOZLE FORAGE FORBID FORCED FOREGO FOREST FORGED FORGER FORGET FORINT FORKED FORMAL FORMAT FORMED FORMER FORMIC FORMOL FORMYL FORNAX FORNIX FORTAZ FORTIS FOSSIL FOSTER FOULED FOURTH FOWLER FRACAS FRAISE FRAMED FRAMER FRANCE FRANCK FRANCO FRAYED FRAZER FREAKY FREELY FREEZE FRENCH FRENUM FRENZY FRESCO FRESNO FREYJA FRIARY FRIDAY FRIDGE FRIEND FRIEZE FRIGGA FRIGHT FRIGID FRIJOL FRILLY FRINGE FRISCH FRISIA FRISKY FRIULI FRIVOL FRIZZY FROGGY FROLIC FRONDE FROSTY FROTHY FROWSY FROWZY FROZEN FRUGAL FRUITY FRUMPY FRUNZE FRYING FUDDLE FUELED FUGARD FUKIEN FULANI FULFIL FULLER FULMAR FULTON FUMBLE FUMING FUNDED FUNDIE FUNDUS FUNGAL FUNGUS FUNNEL FUNRUN FURLED FURORE FURPHY FURRED FURROW FUSION FUTILE FUTURE GABBER GABBLE GABBRO GABION GABLED GADFLY GADGET GAELIC GAFFER GAGGLE GAIETY GAINER GAITER GALAGO GALAXY GALEGA GALENA GALIUM GALLED GALLEY GALLIA GALLIC GALLON GALLOP GALLUP GALLUS GALOIS GALOOT GALORE GALOSH GALTON GALWAY GAMBIA GAMBIT GAMBLE GAMBOL GAMELY GAMETE GAMING GAMMER GAMMON GANDER GANDHI GANESA GANESH GANGER GANGES GANGLY GANGUE GANNET GANTRY GAOLER GAPING GAPPER GARAGE GARAND GARBED GARBLE GARDEN GARGET GARGLE GARISH GARLIC GARNER GARNET GARRET GARTER GARUDA GASBAG GASCON GASKET GASKIN GASMAN GASPAR GASPER GATEAU GATHER GAUCHE GAUCHO GAVAGE GAVIAL GAWAIN GAWKER GAYETY GAZEBO GAZUMP GDANSK GEARED GEDDIT GEEGAW GEEZER GEHRIG GEIGER GEISEL GEISHA GELADA GELATO GELDED GEMARA GEMINI GENDER GENEVA GENIAL GENIUS GENOVA GENTLE GENTLY GENTOO GENTRY GEORGE GEOTAG GERBIL GERMAN GERRIS GERUND GERYON GESELL GESNER GETTER GEWGAW GEYSER GHERAO GHETTO GIAOUR GIBBER GIBBET GIBBON GIBLET GIBRAN GIBSON GICLEE GIDEON GIFTED GIGGLE GIGGLY GIGOLO GIKUYU GILDED GILDER GILLIE GILMAN GILMER GIMBAL GIMLET GIMMAL GINGER GINGKO GINKGO GIOTTO GIRARD GIRDER GIRDLE GIRLIE GITANA GITANO GIVING GLACIS GLADLY GLAIVE GLAMOR GLANCE GLASER GLASSY GLAZED GLAZER GLIBLY GLIDER GLINKA GLIOMA GLITCH GLITZY GLOBAL GLOBIN GLOOMY GLORIA GLOSSA GLOSSY GLOVER GLOWER GLUMLY GLUTEN GLYCOL GNARLY GNEISS GNETUM GNOMIC GNOMON GNOSIS GOADED GOALIE GOANNA GOATEE GOBBET GOBBLE GOBLET GOBLIN GODARD GODDAM GODIVA GODOWN GODSON GODWIT GOETHE GOFFER GOGGLE GOITER GOITRE GOLDEN GOLFER GOLOSH GONIFF GONION GOOBER GOODBY GOODIE GOODLY GOOGLY GOOGOL GOOLIE GOONEY GOONIE GOOSEY GOPHER GORGAS GORGER GORGET GORGON GOSPEL GOSSAN GOSSIP GOTCHA GOTHIC GOUGER GOUJON GOUNOD GOURDE GOVERN GRABBY GRABEN GRACIE GRADED GRADER GRAHAM GRAINY GRAMME GRAMMY GRAMPS GRANGE GRANNY GRANUM GRAPPA GRASSY GRATER GRATIN GRATIS GRAVEL GRAVEN GRAVER GRAVES GRAVID GRAYED GRAZED GRAZER GREASE GREASY GREAVE GREECE GREEDY GREENE GREENS GREENY GREWIA GREYED GRIEVE GRILLE GRILSE GRIMLY GRINGO GRIPES GRIPPE GRISLY GRISON GRITTY GRIVET GROATS GROCER GROGGY GROOVE GROOVY GROPER GROTTO GROTTY GROUCH GROUND GROUSE GROVEL GROVES GROWER GROWTH GROYNE GROZNY GRUBBY GRUDGE GRUMPY GRUNGE GRUNGY GUAIAC GUENON GUFFAW GUGGLE GUIANA GUIDED GUIDER GUILTY GUINEA GUITAR GULDEN GULLAH GULLET GULLEY GULYAS GUNITE GUNMAN GUNNEL GUNNER GUNSEL GURGLE GURKHA GURNEY GUSHER GUSSET GUVNOR GUYANA GUZZLE GYNURA GYPSUM GYRATE HACKER HACKLE HADEAN HADITH HADRON HAGGAI HAGGIS HAGGLE HAIRDO HAIRED HAKEEM HALDOL HALIDE HALITE HALLAH HALLEL HALLEY HALLOO HALLOW HALLUX HALOED HALOID HALTER HALVAH HAMATE HAMELN HAMLET HAMMER HAMPER HAMSUN HANDED HANDEL HANDLE HANGAR HANGER HANGUL HANKER HANKEY HANKIE HANSEL HANSOM HAPPEN HAPTIC HARARE HARASS HARBOR HARDEN HARDLY HAREDI HARKEN HARLEM HARLEY HARLOT HARLOW HARPER HARRIS HARROD HARROW HARTAL HARVEY HASLET HASSAM HASSEL HASSID HASSLE HASTEN HATBOX HATPIN HATRED HATTED HATTER HAULER HAUNCH HAUSEN HAVANA HAWAII HAWALA HAWKER HAWSER HAYING HAYMOW HAZARD HAZMAT HEADED HEADER HEALED HEALER HEALTH HEARSE HEARST HEARTH HEARTS HEARTY HEATED HEATER HEATHY HEAUME HEAVEN HEAVER HEAVES HEBREW HECATE HECKLE HECTIC HECTOR HEDDLE HEDERA HEDGED HEDGER HEELER HEGIRA HEIFER HEIGHT HEINIE HEJIRA HELENA HELENE HELIOS HELIUM HELLER HELMET HELPER HEMING HEMMER HEMPEN HENBIT HENSON HENTAI HEPCAT HEPTAD HERALD HERBAL HERDER HEREBY HEREIN HEREOF HEREON HERERO HERESY HERETO HERIOT HERMAN HERMES HERMIT HERNIA HEROIC HEROIN HERPES HERTHA HESIOD HESTIA HETERO HETMAN HEXANE HEXOSE HEYDAY HIATUS HICCUP HICKEY HIDDEN HIDING HIEMAL HIGGLE HIGHER HIGHLY HIJACK HIKING HILLEL HINDER HIPPIE HITHER HITLER HITMAN HITTER HOAGIE HOARSE HOAXER HOBART HOBBES HOBBIT HOBBLE HOBNOB HOCKEY HOGGED HOGGER HOGGET HOHHOT HOLDER HOLDUP HOLISM HOLLER HOLLOW HOLMES HOMAGE HOMBRE HOMELY HOMILY HOMING HOMINY HOMMOS HONCHO HONEST HONKER HONKEY HONKIE HONORS HONOUR HONSHU HOODIE HOODOO HOOFED HOOFER HOOKAH HOOKED HOOKER HOOKEY HOOKUP HOOPER HOOPLA HOOPOE HOORAH HOORAY HOOTCH HOOTER HOOVED HOOVER HOPPER HORACE HORARY HORNED HORNET HORNEY HORRID HORROR HORSEY HOSIER HOSTEL HOTBED HOTBOX HOTDOG HOTPOT HOTTIE HOURLY HOWARD HOWDAH HOWLER HOWZAT HOWZIT HOYDEN HUAMBO HUBBLE HUBBUB HUBCAP HUBRIS HUDDLE HUDSON HUGELY HUGGER HUGGLE HUGHES HUMANE HUMANS HUMATE HUMBER HUMBLE HUMBLY HUMBUG HUMMER HUMMUS HUMOUR HUMOUS HUMPED HUMVEE HUNGER HUNGRY HUNKER HUNTED HUNTER HURDLE HURLER HURRAH HURRAY HURTLE HUSAIN HUSAYN HUSHED HUSKER HUSSAR HUSTLE HUSTON HUTTON HUXLEY HUZZAH HYADES HYAENA HYALIN HYBRID HYDRIC HYDRUS HYGEIA HYKSOS HYMNAL HYPHEN HYPNOS HYPOID HYSSOP HYTRIN IAMBIC IBADAN IBERIA IBERIS IBIDEM ICARUS ICEBOX ICECAP ICEMAN ICICLE ICONIC IDEATE IDIOCY IDLING IGNITE IGNORE IGUANA IGUAZU ILLUDE ILLUME IMAGER IMARET IMBIBE IMBRUE IMMUNE IMMURE IMPACT IMPAIR IMPALA IMPALE IMPART IMPEDE IMPEND IMPISH IMPORT IMPOSE IMPOST IMPROV IMPUGN IMPURE IMPUTE IMURAN INANNA INBORN INBRED INCASE INCEST INCHON INCISE INCITE INCOME INDABA INDEBT INDEED INDENE INDENT INDIAN INDICT INDIGO INDITE INDIUM INDOLE INDOOR INDUCE INDUCT INFAMY INFANT INFECT INFEST INFILL INFIRM INFLOW INFLUX INFORM INFUSE INGEST INGRES INHALE INHERE INHUME INJECT INJERA INJURE INJURY INKJET INKPAD INLAID INLAND INMATE INNATE INNING INNUIT INOCOR INROAD INSANE INSEAM INSECT INSERT INSIDE INSIST INSOLE INSTAL INSTAR INSTEP INSTIL INSULT INSURE INTACT INTAKE INTEND INTENT INTERN INTIMA INTONE INTRON INTUIT INULIN INURED INVADE INVENT INVERT INVEST INVITE INVOKE INWARD IODATE IODIDE IODINE IONIAN IONIZE IPECAC IREFUL IRENIC IRITIS IRONED IRONIC IRRUPT IRVING ISAIAH ISATIS ISCHIA ISEULT ISHTAR ISKCON ISLAND ISOBAR ISOGON ISOLDE ISOMER ISOPOD ISRAEL ISSUER ISURUS ITALIA ITALIC ITHACA ITHAKI ITSELF IVANOV IXODES IZZARD JABBER JABIRU JACANA JACKAL JACKET JACOBI JACOBS JAEGER JAFFAR JAGGED JAGGER JAGUAR JAILED JAILER JAILOR JALOPY JAMBON JAMJAR JAMMED JAMMER JAMPOT JANGLE JANGLY JANSEN JAPERY JARGON JARRAH JASPER JAUNTY JEDDAH JEJUNE JELLED JENNER JENNET JENSEN JERBOA JERKER JERKIN JEROME JERSEY JESTER JESUIT JETSAM JETWAY JEVONS JEWESS JEWISH JIBBER JICAMA JIDDAH JIGGER JIGGLE JIGSAW JIHADI JILTED JINGLE JINNAH JINXED JITNEY JITTER JOBBER JOCKEY JOCOSE JOCOTE JOCUND JOFFRE JOGGER JOGGLE JOHNNY JOINED JOINER JOJOBA JOKING JOLIET JOLSON JOLTED JONSON JOPLIN JORDAN JOSEPH JOSHUA JOSTLE JOTTER JOTUNN JOUNCE JOURNO JOVIAL JOVIAN JOYFUL JOYOUS JUAREZ JUDAEA JUDAIC JUDDER JUDGER JUDGES JUDITH JUDOKA JUGATE JUGGLE JUICED JUICER JUJUBE JULIAN JUMBLE JUMPER JUNCUS JUNEAU JUNGLE JUNIOR JUNKER JUNKET JUNKIE JURIST JUSTLY KABALA KABOOM KABUKI KABYLE KACHIN KAFFIR KAFTAN KAHLUA KAHUNA KAISER KAIZEN KAKAPO KAKURO KALMIA KALUGA KAMEEZ KANAKA KANSAN KANSAS KAOLIN KARATE KARMIC KARPOV KARTIK KARYON KASBAH KATARI KAUNAS KAZAKH KEATON KEELED KEENLY KEEPER KEFLEX KEFLIN KEGLER KEKULE KELLER KELOID KELPIE KELTER KELVIN KENDAL KENNAN KENNEL KENYAN KEOKUK KEPLER KERALA KERION KERMES KERNEL KERSEY KETONE KETOSE KETTLE KEVLAR KEYNES KEYPAD KHAKIS KHALIF KHALSA KHIMAR KIBBLE KIBITZ KIBOSH KICKER KIDDER KIDDIE KIDNAP KIDNEY KIDULT KIGALI KIKUYU KILLER KILROY KILTER KILTIE KIMCHI KIMONO KINASE KINDIE KINDLE KINDLY KINGLY KINSEY KIPPER KIRKUK KIRPAN KIRSCH KIRTLE KISHKE KISLEV KISMAT KISMET KISSER KISUMU KITBAG KITSCH KITTEN KITTLE KLATCH KLAXON KLEIST KLOTHO KLUDGE KLUTZY KNIGHT KNOBBY KNOTTY KNOWER KNUCKS KOBOLD KOCHIA KODIAK KOODOO KOOKIE KOPECK KORBUT KOREAN KORUNA KOSHER KOSOVO KOTOKO KOWTOW KRAKAU KRAKEN KRAKOW KRANTZ KRUGER KUIPER KUMASI KUMISS KUMKUM KUMMEL KUNLUN KUVASZ KUWAIT KVETCH KWACHA KWANZA KYRGYZ KYUSHU LAAGER LABIAL LABILE LABIUM LABLAB LABOUR LABRET LABRUM LACHES LACING LACKEY LACTIC LACUNA LADDER LADDIE LADING LADINO LADOGA LAELIA LAFFER LAGGER LAGOON LAGUNA LAGUNE LAHORE LAICAL LAKOTA LAMBDA LAMENT LAMINA LAMIUM LAMMAS LANATE LANCER LANCET LANDAU LANDED LANDER LANGUE LANGUR LANIUS LANSET LANUGO LAPDOG LAPPET LAPSED LAPTOP LAPUTA LARDER LARDON LAREDO LARGER LARIAM LARIAT LARREA LARRUP LARVAL LARYNX LASCAR LASHER LASSIE LASTLY LATEEN LATELY LATENT LATEST LATHER LATIAN LATIGO LATINA LATINO LATISH LATIUM LATONA LATRIA LATTEN LATTER LATVIA LAUDER LAUNCH LAUREL LAURUS LAVABO LAVAGE LAVISH LAWFUL LAWMAN LAWTON LAWYER LAXITY LAYING LAYMAN LAYOFF LAYOUT LAZILY LAZULI LEADED LEADEN LEADER LEAGUE LEAKEY LEANER LEAPER LEASED LEASER LEAVED LEAVEN LEAVER LECHER LECHWE LECTIN LECTOR LEDGER LEEWAY LEFTIE LEGACY LEGATE LEGATO LEGEND LEGGED LEGION LEGUME LEIDEN LEKKER LEKVAR LEMMON LEMNOS LEMONY LENARD LENDER LENGTH LENITY LENNON LENTEN LENTIC LENTIL LEONID LEPTON LERNER LESBOS LESCOL LESION LESSEE LESSEN LESSER LESSON LESSOR LESVOS LETHAL LETTER LEVANT LEVITE LEVITY LEWDLY LEXEME LEYDEN LHOTSE LIABLE LIAISE LIBERO LIBIDO LIBYAN LICHEE LICHEN LICKED LICKER LICTOR LIFTED LIFTER LIGAND LIGASE LIGATE LIGGER LIGNIN LIGNUM LIGULE LIKELY LIKING LILITH LILIUM LILLIE LIMBER LIMBIC LIMBUS LIMNER LIMNOS LIMPET LIMPID LINAGE LINDEN LINEAL LINEAR LINGAM LINGER LINGUA LINING LINKED LINKER LINKUP LINNET LINTEL LINTER LIONET LIPASE LIPOID LIPOMA LIQUID LIQUOR LISBOA LISBON LISSOM LISTED LISTEN LISTER LISTON LITANY LITCHI LITHIA LITHIC LITMUS LITTER LITTLE LIVEDO LIVELY LIVERY LIVING LIZARD LOADED LOADER LOAFER LOANER LOATHE LOBATE LOBITO LOBULE LOCALE LOCATE LOCHIA LOCKER LOCKET LOCKUP LOCULE LOCUST LODGER LODINE LOFTER LOGGER LOGGIA LOGION LOGJAM LOITER LOLIGO LOLLOP LONDON LONELY LONGAN LONGER LONGYI LOOFAH LOOKER LOOKUP LOONEY LOONIE LOOPER LOOSEN LOOTED LOOTER LOPPER LOQUAT LORENZ LORICA LOSSES LOTION LOUCHE LOUDEN LOUDLY LOUNGE LOUVAR LOUVER LOUVRE LOVAGE LOVELL LOVELY LOVING LOWBOY LOWELL LOWERY LOWEST LOYANG LOYOLA LOZIER LUANDA LUBBER LUBECK LUBLIN LUCENT LUCITE LUFKIN LUGGER LUGING LUGOSI LUMBAR LUMBER LUMBUS LUMMOX LUMPEN LUMPER LUNACY LUNATE LUNGER LUNULA LUNULE LUPINE LURKER LUSAKA LUSTER LUSTRE LUTEAL LUTEIN LUTHER LUTING LUTZEN LUVIAN LUVVIE LUXATE LUXURY LYCEUM LYCHEE LYCIAN LYCIUM LYCOSA LYDIAN LYSINE LYTTON MAALOX MACACA MACKEM MACKLE MACOUN MACRON MACULA MACULE MADAME MADCAP MADDEN MADDER MADMAN MADRAS MADRID MAENAD MAFFIA MAGGOT MAGLEV MAGNET MAGNUM MAGPIE MAGUEY MAGYAR MAHLER MAHOUT MAIDAN MAIDEN MAILED MAILER MAIMED MAINER MAINLY MAJORS MAKALU MAKING MALABO MALADY MALAGA MALATE MALAWI MALAYA MALDON MALIAN MALICE MALIGN MALKIN MALLET MALLON MALLOW MALONE MALORY MALTED MAMMAL MAMMON MAMMUT MANAGE MANAMA MANANA MANCHU MANFUL MANGEL MANGER MANGEY MANGLE MANIAC MANILA MANIOC MANNED MANNER MANPAD MANSON MANTEL MANTIC MANTID MANTIS MANTLE MANTRA MANTUA MANUAL MANUKA MANURE MAOISM MAOIST MAPPER MAPUTO MAQUIS MARACA MARANG MARAUD MARBLE MARBLY MARCEL MARCHE MARDUK MARGAY MARGIN MARIAN MARINA MARINE MARINI MARINO MARKED MARKER MARKET MARKKA MARKOV MARKUP MARLEY MARLIN MARMOT MAROON MARQUE MARRED MARROW MARSHY MARTEN MARTES MARTIN MARTYR MARUMI MARVEL MASALA MASCOT MASERU MASHER MASHIE MASHUP MASJID MASKED MASOUD MASQUE MASSES MASSIF MASTER MASTIC MATING MATINS MATMAN MATRIC MATRIX MATRON MATTED MATTER MATURE MATZAH MATZOH MAUGRE MAULER MAUNDY MAUSER MAYDAY MAYFLY MAYHAP MAYHAW MAYHEM MAYPOP MAZAMA MAZUMA MCGRAW MEADOW MEAGER MEAGRE MEANIE MEANLY MEASLY MEATUS MEDDLE MEDFLY MEDIAL MEDIAN MEDICI MEDICO MEDINA MEDIUM MEDLAR MEDLEY MEDUSA MEEKLY MEETER MEGOHM MEGRIM MEKONG MELENA MELLON MELLOW MELODY MELTED MELTER MELTON MEMBER MEMOIR MEMORY MENACE MENDEL MENDER MENHIR MENIAL MENINX MENSCH MENSES MENTAL MENTEE MENTHA MENTOR MENTUM MERCER MERCKX MERELY MERGED MERGER MERINO MERKIN MERLIN MERLON MERLOT MERMAN MEROPS MERTON MESCAL MESHED MESIAL MESMER METEOR METHOD METHYL METOPE METRIC METTLE MEXICO MEZCAL MEZUZA MIASMA MICKEY MICKLE MICMAC MICRON MIDAIR MIDDAY MIDDEN MIDDLE MIDGET MIDGUT MIDRIB MIDWAY MIFFED MIGHTY MIHRAB MIKADO MIKVAH MILADY MILAGE MILANO MILDEW MILDLY MILIEU MILIUM MILKER MILLAY MILLED MILLER MILLET MILORD MILTON MIMOSA MINCER MINDED MINDEN MINDER MINGER MINGLE MINIFY MINING MINION MINIUM MINNOW MINOAN MINORS MINTER MINUET MINUIT MINUTE MINYAN MIOSIS MIOTIC MIRAGE MIRIAM MIRROR MISCUE MISERY MISFIT MISHAP MISHNA MISSAL MISSED MISSIS MISSUS MISTER MISUSE MITHER MITHRA MITRAL MITTEN MIXING MIXTEC MIZZEN MIZZLE MOANER MOBCAP MOBILE MOCKER MODENA MODERN MODEST MODIFY MODISH MODULE MODULO MOGGIE MOGHUL MOHAIR MOHAVE MOHAWK MOIETY MOIRAE MOIRAI MOJAVE MOJITO MOLDED MOLDER MOLECH MOLINE MOLISE MOLLIE MOLNAR MOLOCH MOLTEN MOLTER MOMENT MOMISM MONACO MONDAY MONERA MONGER MONGOL MONIED MONISM MONIST MONKEY MONNET MONODY MONROE MONTEZ MOOLAH MOONIE MOPPET MORALE MORALS MORASS MORBID MOREEN MORGAN MORGEN MORGUE MORION MORLEY MORMON MORONE MOROSE MORRIS MORROW MORSEL MORTAL MORTAR MORTON MORULA MOSAIC MOSCOW MOSHAV MOSLEM MOSQUE MOSSAD MOSSIE MOSTLY MOTHER MOTILE MOTION MOTIVE MOTLEY MOTMOT MOTOWN MOTRIN MOTTLE MOULDY MOULIN MOUSER MOUSEY MOUSSE MOUTHY MOUTON MOVING MOZART MOZZIE MUCKER MUCKLE MUCOID MUCOSA MUCOUS MUCUNA MUDCAT MUDDER MUDDLE MUESLI MUFFIN MUFFLE MUGGER MUGGLE MUKDEN MUKLUK MULISH MULLAH MULLER MULLET MUMBAI MUMBLE MUMMER MUNCIE MUNICH MUPPET MURDER MURINE MURMUR MURPHY MURRAY MURREY MURROW MUSCAT MUSCLE MUSCLY MUSEUM MUSHER MUSIAL MUSING MUSKAT MUSKEG MUSKET MUSLIM MUSLIN MUSSEL MUSSET MUSTER MUTANT MUTATE MUTAWA MUTINY MUTISM MUTTER MUTTON MUTUAL MUUMUU MUZHIK MUZZLE MWANZA MYELIN MYOPIA MYOPIC MYOSIN MYOSIS MYOTIC MYOTIS MYRDAL MYRIAD MYRICA MYRTLE MYSELF MYSORE MYSTIC MYTHIC MYTHOS MYXOMA NABLUS NAEVUS NAGANA NAGANO NAGARI NAGGER NAGOYA NAIANT NAILER NAKURU NALFON NAMEKO NAMELY NAMING NAMTAR NANSEN NANTES NAPALM NAPERY NAPIER NAPKIN NAPLES NAPOLI NAPPED NAPPER NARCAN NARDIL NARROW NARWAL NASEBY NASION NASSAU NASSER NASTIC NATANT NATION NATIVE NATRIX NATRON NATTER NATURE NAUGHT NAUSEA NAUTCH NAVAHO NAVAJO NAVANE NAZISM NEARBY NEARER NEARLY NEATLY NEBCIN NEBULA NEBULE NECKAR NECKED NECKER NECTAR NEEDED NEEDLE NEGATE NEKTON NELSON NENETS NEOCON NEOSHO NEPALI NEPETA NEPHEW NEREID NEREUS NERGAL NERIUM NERNST NERUDA NERVES NERVUS NESSIE NESTER NESTLE NESTOR NETHER NETTED NETTLE NEURAL NEURON NEUTER NEVADA NEWARI NEWARK NEWBIE NEWFIE NEWMAN NEWTON NIACIN NIAMEY NIBBLE NICAEA NICELY NICENE NICETY NICKEL NICKER NIELLO NIGGER NIGGLE NIGHTY NIIHAU NILGAI NIMBLE NIMBLY NIMBUS NIMITZ NIMROD NINETY NIPPER NIPPLE NIPPON NITRIC NITRIL NITWIT NOBBLE NOBODY NOCTUA NODDLE NODOSE NODULE NOESIS NOETIC NOGGIN NOLINA NONAGE NONCOM NOODLE NOOKIE NOOTKA NORDIC NORMAL NORMAN NORRIS NORVIR NORWAY NOSTOC NOTARY NOTATE NOTICE NOTIFY NOTION NOUGAT NOUGHT NOVATE NOVENA NOVIAL NOVICE NOWRUZ NOZZLE NUANCE NUBBIN NUBBLE NUBIAN NUBILE NUCHAL NUDISM NUDITY NUDNIK NUGGET NUMBAT NUMBER NUMPTY NUNCIO NUPRIN NUPTSE NURSER NUTATE NUTJOB NUTMEG NUTRIA NUTTER NUZZLE NYBBLE NYLONS NYMPHO OAFISH OAXACA OBECHE OBECHI OBELUS OBERON OBJECT OBLAST OBLATE OBLIGE OBLONG OBOIST OBOLUS OBSESS OBTAIN OBTUND OBTUSE OBVERT OCCULT OCCUPY OCELOT OCIMUM OCKHAM OCTANE OCTANS OCTANT OCTAVE OCTAVO OCTROI OCULAR OCULUS ODDISH ODDITY ODESSA ODIOUS OEDEMA OEUVRE OFFALY OFFEND OFFICE OFFING OFFISH OFFSET OGDOAD OGLALA OGRESS OGRISH OHIOAN OHMAGE OILMAN OILRIG OJIBWA OKAPIA OLEATE OLEFIN OLIVER OMASUM OMELET OMERTA OMIGOD ONAGER ONEIDA ONLINE ONSIDE ONWARD ONYCHA OOCYTE OODLES OOLITE OOLOGY OOLONG OOZING OPAQUE OPENED OPENER OPENLY OPERON OPHITE OPHRYS OPIATE OPIOID OPORTO OPPOSE OPPUGN OPTICS OPTION ORALLY ORANGE ORATOR ORCHID ORCHIS ORDAIN ORDEAL ORDURE ORGANS ORGASM ORIENT ORIGEN ORIGIN ORIOLE ORISON ORISSA ORKNEY ORMOLU ORNATE ORNERY OROZCO ORPHAN ORPHIC ORPINE ORRERY ORTEGA ORUDIS ORWELL OSASCO OSCINE OSIRIS OSMIUM OSMOSE OSPREY OSSEIN OSSIFY OSTEAL OSTEND OSTIUM OSTLER OSTOMY OSWALD OTHERS OTIOSE OTITIS OTTAWA OUSTER OUTAGE OUTBID OUTCRY OUTFIT OUTFOX OUTING OUTLAW OUTLAY OUTLET OUTPUT OUTRUN OUTSET OUTWIT OVERDO OVERLY OVIEDO OVULAR OXALIS OXCART OXFORD OXTAIL OXYGEN OYABUN OYSTER OZARKS PABLUM PACIFY PACING PACKED PACKER PACKET PADAUK PADDED PADDLE PADOUK PADOVA PAELLA PAGING PAGODA PAINED PAIRED PAIUTE PAJAMA PAKEHA PAKORA PALACE PALATE PALING PALISH PALLAS PALLET PALLID PALLOR PALMAR PALMER PALTER PALTRY PAMPAS PAMPER PANADA PANAMA PANDAR PANDER PANDIT PANGEA PANINI PANNUS PANTIE PANTRY PANZER PAPACY PAPAIN PAPAYA PAPERS PAPERY PAPIST PAPPUS PAPUAN PAPULE PARADE PARANG PARAPH PARCAE PARCEL PARDON PARENT PARETO PAREVE PARIAH PARIES PARING PARISH PARITY PARKED PARKER PARKIN PARLAY PARLEY PARLOR PARODY PAROLE PAROUS PARREL PARROT PARSEC PARSEE PARSER PARSON PARTED PARTLY PARURE PARVIS PASCAL PASCHA PASHTO PASHTU PASSEL PASSER PASSIM PASTED PASTEL PASTER PASTIL PASTIS PASTOR PASTRY PATCHY PATENT PATERA PATHAN PATHIC PATHOS PATINA PATOIS PATRAS PATROL PATRON PATTEE PATTEN PATTER PATZER PAUNCH PAUPER PAVANE PAVING PAVISE PAVLOV PAWNEE PAWPAW PAXTON PAYDAY PAYING PAYOFF PAYOLA PAYOUT PEACHY PEAHEN PEAKED PEANUT PEARLY PEAVEY PEBBLE PECKER PECTEN PECTIN PECTUS PEDALO PEDANT PEDDLE PEDLAR PEEING PEELED PEELER PEEPER PEEVED PEEWEE PEEWIT PEGLEG PEIRCE PEKING PELAGE PELEUS PELHAM PELITE PELLET PELMET PELOTA PELTER PELUDO PELVIC PELVIS PENANG PENCIL PENEUS PENIAL PENILE PENMAN PENNON PENTAD PENULT PENURY PEOPLE PEORIA PEPCID PEPLOS PEPLUM PEPPER PEPSIN PEPTIC PERDIX PERDUE PERIOD PERISH PERMED PERMIT PERNIO PERNOD PERRON PERSEA PERSIA PERSON PERUKE PERUSE PESACH PESETA PESTER PESTIS PESTLE PETARD PETITE PETREL PETROL PETTER PEWTER PEYOTE PEZIZA PHARMA PHAROS PHASER PHASIC PHENOL PHENOM PHENYL PHILIA PHILIP PHLEGM PHLOEM PHOBIA PHOBIC PHOBOS PHOEBE PHONER PHONEY PHONIC PHONON PHOOEY PHOTIC PHOTOG PHOTON PHRASE PHWOAR PHYLLO PHYLUM PHYSIC PHYSIO PHYTON PIAFFE PIAGET PIAZZA PICARO PICKAX PICKER PICKET PICKLE PICKUP PICNIC PICTOR PIDDLE PIDDLY PIDGIN PIERCE PIERIS PIERRE PIFFLE PIGEON PIGLET PIGMAN PIGNUT PIGPEN PIGSTY PILATE PILEUP PILEUS PILFER PILING PILLAR PILLOW PILSEN PIMPLE PINATA PINCER PINCHE PINCUS PINDAR PINEAL PINERY PINING PINION PINKIE PINNER PINOLE PINTER PINTLE PINYIN PINYON PIOLET PIPING PIPKIN PIPPIN PIQUET PIRACY PIRANA PIRATE PIROGI PISCES PISTIL PISTOL PISTON PITCHY PITMAN PITTED PIZAZZ PIZZAZ PIZZLE PLACED PLACER PLACET PLACID PLAGAL PLAGUE PLAICE PLAINT PLANAR PLANCK PLANER PLANET PLAQUE PLASMA PLATEN PLATER PLATTE PLAVIX PLAYED PLAYER PLEASE PLEDGE PLENTY PLENUM PLEURA PLEVEN PLEVNA PLEXOR PLEXUS PLIANT PLIERS PLIGHT PLINTH PLOIDY PLOUGH PLOVER PLOWED PLOWER PLUCKY PLUMED PLUMMY PLUNGE PLURAL PLUSHY PLUTON PLYERS POCKED POCKET PODIUM PODZOL POETIC POETRY POGROM POINTE POINTS POINTY POISED POISON POITOU POKING POLACK POLAND POLDER POLEAX POLICE POLICY POLISH POLITE POLITY POLLEN POLLEX POLLUX POLONY POLSKA POMACE POMADE POMELO POMMEL POMMIE POMONA POMPEY POMPON PONCEY PONCHO PONDER PONGEE PONTOS PONTUS POODLE POOLER POOPED POORLY POOTLE POPERY POPGUN POPISH POPLAR POPLIN POPPER POPPET POPPLE PORKER POROUS PORTAL PORTER PORTIA PORTLY POSADA POSEUR POSING POSSET POSSUM POSTAL POSTED POSTER POSTIE POSTUM POTAGE POTASH POTATO POTEEN POTENT POTHER POTHOS POTION POTPIE POTTED POTTER POTTLE POUFFE POULET POUNCE POUTER POWDER POWELL POWWOW PRAGMA PRAGUE PRAISE PRANCE PRATER PRAXIS PRAYER PREACH PREFAB PREFER PREFIX PRELIM PREMED PREMIE PREMIX PREPAY PREPPY PRESET PRESTO PRETAX PRETOR PRETTY PREVUE PREWAR PRICEY PRIEST PRIMAL PRIMED PRIMER PRIMLY PRIMUS PRINCE PRIORY PRISON PRISSY PRIVET PROFIT PROLIX PROLLY PROLOG PROMPT PRONTO PROPEL PROPER PROPYL PROSIT PROSOM PROTEA PROTON PROUST PROVED PROVEN PROVER PROVOS PROZAC PRUNER PRUNUS PRYING PSALMS PSEUDO PSOCID PSYCHE PSYCHO PTOSIS PUBLIC PUCKER PUDDLE PUEBLA PUEBLO PUFFER PUFFIN PUGGLE PUGLIA PUKING PULLER PULLET PULLEY PULPIT PULQUE PULSAR PUMICE PUMMEL PUMPED PUMPER PUNCHY PUNDIT PUNISH PUNJAB PUNKAH PUNKIE PUNNET PUNTER PUPATE PUPPET PUPPIS PURANA PURDAH PURELY PURGER PURIFY PURINE PURISM PURIST PURITY PURLIN PURPLE PURSER PURSUE PURVEY PUSHER PUSHTO PUSHUP PUTRID PUTSCH PUTTEE PUTTER PUZZLE PYEMIA PYJAMA PYKNIC PYRENE PYRITE PYROPE PYTHIA PYTHON PYURIA QATARI QIGONG QINTAR QUADRA QUAGGA QUAHOG QUAICH QUAIGH QUAINT QUAKER QUANGO QUAOAR QUAPAW QUARRY QUARTE QUARTO QUARTZ QUASAR QUAVER QUEASY QUEBEC QUEENS QUENCH QUICHE QUICKY QUINCE QUINCH QUINCY QUINOL QUINSY QUINTE QUINUA QUIRKY QUITCH QUIVER QUOITS QUOKKA QUORUM QUOTER QUOTHA QWERTY RABBET RABBIT RABBLE RABIES RACEME RACHEL RACHET RACHIS RACIAL RACINE RACING RACISM RACIST RACKER RACKET RACOON RADDLE RADIAL RADIAN RADISH RADIUM RADIUS RADOME RADULA RAFFIA RAFFLE RAFTER RAGGED RAGING RAGLAN RAGMAN RAGOUT RAGTAG RAGTOP RAGUSA RAIDER RAILER RAISED RAISER RAISIN RAJPUT RAKISH RAMADA RAMBLE RAMEAU RAMIFY RAMJET RAMMER RAMONA RAMOSE RAMROD RAMSES RANCHO RANCID RANCOR RANDOM RANGER RANIER RANKED RANKER RANKIN RANKLE RANSOM RANULA RAPHIA RAPIER RAPINE RAPIST RAPPEL RAPPER RAPTLY RAPTOR RAREFY RARELY RARIFY RARING RARITY RASCAL RASHER RASHLY RASTAS RASTER RATBAG RATHER RATIFY RATING RATION RATITE RATOON RATTAN RATTER RATTLE RATTUS RAUNCH RAVAGE RAVINE RAVING RAVISH RAZING RAZZLE READER REAGAN REAGIN REALIA REALLY REALTY REAMER REAPER REASON REAVER REBATE REBOOT REBORN REBOZO REBUFF REBUKE RECALL RECANT RECAST RECEDE RECENT RECESS RECIFE RECIPE RECITE RECKON RECODE RECOIL RECORD RECOUP RECTAL RECTOR RECTUM RECTUS RECUSE REDACT REDBUD REDBUG REDCAP REDDEN REDEEM REDEYE REDIAL REDRAW REDTOP REDUCE REEFER REFACE REFILL REFINE REFLEX REFLUX REFORM REFUEL REFUGE REFUND REFUSE REFUTE REGAIN REGALE REGARD REGENT REGGAE REGIME REGINA REGION REGLET REGNAL REGRET REGROW REHASH REHEAT REHIRE REITER REJECT REJOIN RELATE RELENT RELICT RELIEF RELINE RELISH RELIVE RELOAD RELUME REMAIN REMAKE REMAND REMARK REMEDY REMIND REMISE REMISS REMONT REMORA REMOTE REMOVE REMUDA RENAME RENDER RENEGE RENNET RENNIN RENOIR RENOWN RENTAL RENTER RENVOI REOPEN REPACK REPAIR REPAST REPEAL REPEAT REPENT REPINE REPLAY REPORT REPOSE REPOUR REPUTE REREAD RESALE RESCUE RESEAL RESEAT RESEAU RESECT RESEDA RESEED RESELL RESEND RESENT RESHIP RESIDE RESIGN RESILE RESIST RESIZE RESOLE RESORB RESORT RESTED RESTER RESULT RESUME RETAIL RETAIN RETAKE RETAMA RETARD RETELL RETEST RETINA RETIRE RETOOL RETORT RETURN RETYPE REUBEN REVAMP REVEAL REVERB REVERE REVERS REVERT REVERY REVIEW REVILE REVISE REVIVE REVOKE REVOLT REWARD REWIND REWIRE REWORD REWORK RHEBOK RHEIMS RHESUS RHEUMY RHODES RHOTIC RHUMBA RHYMED RHYMER RHYTHM RIALTO RIBALD RIBAND RIBBED RIBBER RIBBON RIBOSE RICHES RICHLY RICKEY RICTUS RIDDLE RIDGED RIDING RIDLEY RIFFED RIFFLE RIFLED RIGGED RIGGER RIGHTO RIGHTY RIGOUR RIMING RIMMED RINGED RINGER RIOTER RIPPER RIPPLE RIPRAP RIPSAW RISING RITUAL RIVERA RIYADH ROADEO ROADIE ROAMER ROBALO ROBBER ROBERT ROBUST ROCHET ROCKER ROCKET ROCOCO RODENT RODMAN ROGERS ROILED ROLLED ROLLER ROMANI ROMANS ROMANY ROMMEL ROMPER RONDEL ROOFER ROOKIE ROOMER ROOMIE ROOTED ROOTER ROOTLE ROPING ROQUET ROSARY ROSCOE ROSEAU ROSITA ROSTER ROSTOV ROTARY ROTATE ROTGUT ROTHKO ROTTED ROTTEN ROTTER ROTUND ROUBLE ROUGED ROUSER ROUTER ROVING ROWING RUANDA RUBATO RUBBER RUBBLE RUBENS RUBRIC RUCHED RUCKUS RUDDER RUDELY RUEFUL RUFFLE RUFFLY RUFOUS RUGGED RUGGER RUGOLA RUGOSE RUINED RUINER RULING RUMBLE RUMMER RUMOUR RUMPLE RUMPUS RUNDLE RUNNEL RUNNER RUNOFF RUNWAY RUNYON RUPERT RUPIAH RUSCUS RUSHED RUSHER RUSKIN RUSSET RUSTED RUSTIC RUSTLE RUTILE RUTTED RUTTER RWANDA SABBAT SABINE SACEUR SACHEM SACHET SACKED SACQUE SACRAL SACRED SACRUM SADDAM SADDEN SADDLE SADISM SADIST SAFARI SAFELY SAFETY SAGELY SAGGER SAGINA SAHARA SAIGON SAILER SAILOR SAIPAN SAITHE SALAAH SALAAM SALAAT SALADE SALAMI SALARY SALIAN SALINA SALINE SALISH SALIVA SALLET SALLOW SALMON SALOME SALOON SALTED SALTER SALUKI SALUTE SALVER SALVIA SALVOR SALWAR SALYUT SAMARA SAMBAR SAMEKH SAMIAN SAMIEL SAMITE SAMOAN SAMOSA SAMPAN SAMPLE SAMSON SAMUEL SANDAL SANDER SANDHI SANGAM SANGAY SANGER SANITY SANTEE SANTOS SAPOTA SAPOTE SAPPER SAPPHO SARAPE SARDIS SARNIE SARONG SARSEN SARTOR SARTRE SASHAY SATANG SATEEN SATINY SATIRE SATORI SATRAP SATURN SAUCER SAUGER SAVAGE SAVANT SAVARA SAVING SAVIOR SAVORY SAVOUR SAWFLY SAWYER SAXONY SAYERS SAYING SCABBY SCALAR SCALED SCALER SCALEY SCALLY SCAMPI SCAMPO SCANTY SCARAB SCARCE SCARED SCAREY SCATHE SCATTY SCENIC SCHEMA SCHEME SCHISM SCHIST SCHIZO SCHLEP SCHNOZ SCHOOL SCHORL SCHROD SCHTIK SCHTUM SCHULZ SCHUSS SCIENT SCILLA SCIPIO SCLERA SCOLEX SCONCE SCOPES SCORCH SCORER SCORES SCORIA SCOTCH SCOTER SCOTIA SCOURS SCOUSE SCRAPE SCRAPS SCRAWL SCREAM SCREED SCREEN SCREWY SCRIBE SCRIMP SCRIPT SCROLL SCRUBS SCRUFF SCRUMP SCULPT SCUMMY SCURFY SCURRY SCURVY SCUTCH SCUTUM SCUZZY SCYLLA SCYTHE SEABAG SEABED SEALED SEALER SEAMAN SEAMED SEAMER SEANCE SEARCH SEARED SEASON SEATED SEAWAY SECANT SECEDE SECOND SECRET SECTOR SECUND SECURE SEDATE SEDUCE SEEDED SEEDER SEEGER SEEING SEEKER SEEMLY SEESAW SEETHE SEGWAY SEICHE SEIDEL SEINER SEIZER SELDOM SELECT SELENE SELJUK SELLER SEMEME SEMITE SEMPRE SEMTEX SENARY SENATE SENDER SENECA SENEGA SENILE SENIOR SENNET SENNIT SENSED SENSEI SENSOR SENTRY SEPSIS SEPTAL SEPTET SEPTIC SEPTUM SEQUEL SEQUIN SERAPE SERAPH SERBIA SEREIN SERENE SERGER SERIAL SERIES SERINE SERMON SEROSA SEROUS SERVAL SERVER SESAME SESTET SETOFF SETTEE SETTER SETTLE SEURAT SEVENS SEVERE SEVERN SEWAGE SEWARD SEWING SEXISM SEXIST SEXTET SEXTON SEXUAL SHABBY SHADED SHADER SHADES SHADOW SHADUF SHAGGY SHAKEN SHAKER SHAKTI SHALEY SHALOM SHAMAN SHAMED SHAMMY SHAMUS SHANDY SHANNY SHANTY SHAPED SHAPER SHARED SHARER SHARIA SHARIF SHARPY SHASTA SHAVED SHAVEN SHAVER SHEARS SHEATH SHEAVE SHEENY SHEESH SHEIKA SHEIKH SHEILA SHEKEL SHELLY SHELTA SHELTY SHELVE SHERIF SHERPA SHERRY SHEVAT SHIELD SHIFTY SHIISM SHIITE SHIKSA SHIKSE SHILOH SHIMMY SHINDY SHINER SHINNY SHINTO SHINTY SHIRAZ SHIRER SHIRTY SHISHA SHITTY SHIVAH SHIVER SHLOCK SHMEAR SHMUCK SHNOOK SHODDY SHOFAR SHOGUN SHONKY SHOPPE SHORTS SHORTY SHOULD SHOVEL SHOVER SHOWER SHREWD SHRIEK SHRIFT SHRIKE SHRILL SHRIMP SHRINE SHRINK SHRIVE SHROFF SHROUD SHTETL SHTICK SHUCKS SHUDRA SHUFTI SIALIA SIALIS SICILY SICKEN SICKLE SICKLY SIDING SIDNEY SIENNA SIERRA SIESTA SIFTER SIGHTS SIGINT SIGNAL SIGNED SIGNEE SIGNER SIGNET SIGNOR SIGURD SIKKIM SILAGE SILANE SILENE SILENT SILICA SILKEN SILVAN SILVER SILVEX SILVIA SIMEON SIMIAN SIMILE SIMMER SIMONY SIMOOM SIMOON SIMPER SIMPLE SIMPLY SINBAD SINDHI SINEWY SINFUL SINGER SINGLE SINGLY SINKER SINNER SINTER SIOUAN SIPHON SIPPER SIRACH SIRDAR SIRRAH SISKIN SISTER SITCOM SITTER SIZING SIZZLE SKAGIT SKANDA SKANKY SKATER SKERRY SKETCH SKEWED SKEWER SKIDDY SKIDOO SKIING SKIMPY SKINNY SKIVER SKIVVY SKOPJE SKYBOX SKYCAP SKYLAB SKYWAY SLACKS SLAKED SLALOM SLATER SLAVER SLAVEY SLAVIC SLAYER SLEAVE SLEAZE SLEAZY SLEDGE SLEEPY SLEEVE SLEIGH SLEUTH SLICED SLICER SLIDER SLIGHT SLIMED SLINKY SLIPPY SLIVER SLOGAN SLOPED SLOPPY SLOUCH SLOVAK SLOVEN SLOWER SLOWLY SLUDGE SLUICE SLURRY SLUSHY SMARMY SMARTA SMARTS SMARTY SMEGMA SMELLY SMIDGE SMILAX SMILER SMILEY SMIRCH SMITHY SMOGGY SMOKED SMOKER SMOKEY SMOOCH SMOOTH SMRITI SMUDGE SMUGLY SMUTTY SMYRNA SNAGGY SNAPPY SNARKY SNARLY SNATCH SNAZZY SNEAKY SNEEZE SNEEZY SNIFFY SNIPER SNIPPY SNITCH SNIVEL SNOBBY SNOOPY SNOOTY SNOOZE SNORER SNOTTY SNUFFY SNUGLY SOAKED SOAKER SOCAGE SOCCER SOCIAL SOCKET SODDEN SODIUM SODOKU SODOMY SOFFIT SOFTEN SOFTIE SOFTLY SOILED SOIREE SOLACE SOLDER SOLELY SOLEMN SOLENT SOLEUS SOLUTE SOLVAY SOLVED SOLVER SOMALI SOMBER SOMBRE SOMITE SOMMER SONANT SONATA SONNET SONORA SONSIE SONTAG SOONER SOOTHE SORBET SORBUS SORDID SORELY SORREL SORROW SORTED SORTER SORTIE SOTHIS SOUDAN SOUGHT SOURCE SOURED SOUSED SOUSSE SOUTER SOVIET SOWETO SPACED SPACER SPACEY SPADIX SPARGE SPARKY SPARSE SPARTA SPATHE SPAVIN SPAYED SPECIE SPEECH SPEEDO SPEEDY SPENCE SPEWER SPHENE SPHERE SPHINX SPIDER SPIFFY SPIGOT SPIKED SPINAL SPINEL SPINET SPINOR SPIRAL SPIREA SPIRED SPIRIT SPITAL SPLASH SPLEEN SPLICE SPLIFF SPLINE SPLINT SPLOSH SPOILT SPOKEN SPONGE SPONGY SPOOKY SPOONY SPORTY SPOTTY SPOUSE SPRAIN SPRAWL SPREAD SPRING SPRINT SPRITE SPRITZ SPROUT SPRUCE SPRUIK SPUNKY SPURGE SPUTUM SPYING SQUALL SQUAMA SQUARE SQUASH SQUAWK SQUEAK SQUEAL SQUILL SQUINT SQUIRE SQUIRM SQUIRT SQUISH SRBIJA STABLE STABLY STACKS STACTE STAFFA STAGED STAGER STAIRS STAKES STALAG STALIN STALKY STALLS STAMEN STANCE STANCH STANZA STAPES STAPLE STARCH STARER STARRY STARVE STASIS STATED STATER STATIC STATIN STATOR STATUE STATUS STAYER STEADY STEAMY STEELE STEELY STEEVE STELLA STEMMA STENCH STEPPE STEREO STERIC STERNA STERNE STEROL STEVIA STEWED STHENO STICKY STIFFY STIFLE STIGMA STILLY STINGO STINGY STINKO STINKY STITCH STIVER STOCKY STODGE STODGY STOGIE STOKER STOLID STOLON STONED STONER STOOGE STOPES STORAX STOREY STORGE STORMY STOVER STRAFE STRAIN STRAIT STRAKE STRAND STRATH STREAK STREAM STREEP STREET STRESS STRICK STRICT STRIDE STRIFE STRIKE STRINE STRING STRIPE STRIPY STRIVE STROBE STROKE STROLL STROMA STRONG STROUD STRUCK STRUMA STRUNG STRUTH STUART STUBBS STUBBY STUCCO STUDIO STUFFY STUMPY STUPID STUPOR STURDY STYLER STYLET STYLUS STYMIE STYRAX STYRON SUBDUE SUBITO SUBLET SUBMIT SUBORN SUBPAR SUBSET SUBTLE SUBTLY SUBURB SUBWAY SUCCOR SUCCOS SUCCUS SUCKLE SUDDEN SUFFER SUFFIX SUFISM SUGARY SUIDAE SUISSE SUITED SUITOR SULCUS SULFUR SULLEN SULPHA SULTAN SULTRY SUMACH SUMMAT SUMMER SUMMIT SUMMON SUMNER SUNBED SUNBOW SUNCUP SUNDAE SUNDAY SUNDER SUNDEW SUNDOG SUNDRY SUNHAT SUNKEN SUNLIT SUNNAH SUNRAY SUNSET SUNTAN SUPERB SUPINE SUPPER SUPPLE SUPPLY SURELY SURETY SURFER SURREY SURTAX SURVEY SUSSEX SUTLER SUTTEE SUTURE SVELTE SWAMPY SWANKY SWATCH SWATHE SWEATS SWEATY SWEDEN SWEENY SWERVE SWEVEN SWINGE SWIRLY SWISHY SWITCH SWIVEL SWIVET SWOOSH SYDNEY SYLVAN SYMBOL SYMONS SYNDIC SYNTAX SYPHON SYRIAC SYRIAN SYRINX SYRUPY SYSTEM SYZYGY TABARD TABLET TABORA TABRIZ TABULA TACKER TACKLE TACOMA TACTIC TAENIA TAGGER TAGORE TAHINI TAHITI TAICHI TAILED TAILLE TAILOR TAIPAN TAIPEI TAIWAN TAKAHE TAKING TALBOT TALCUM TALENT TALION TALKER TALKIE TALLIN TALLIS TALLOW TALMUD TALWIN TAMALE TAMIAS TAMMUZ TAMPAX TAMPER TAMPON TANACH TANAKH TANDEM TANGLE TANGUY TANKER TANNED TANNER TANNIC TANNIN TANNOY TANOAN TANTRA TAOISM TAOIST TAPING TAPPAN TAPPED TAPPER TAPPET TARAWA TARGET TARGUM TARIFF TARMAC TARPAN TARPON TARSAL TARSUS TARTAN TARTAR TARZAN TASMAN TASSEL TASSET TASTER TATAMI TATTER TATTLE TATTOO TAUTEN TAUTOG TAVERN TAWDRY TAWNEY TAXING TAXMAN TAYLOR TEACUP TEAPOT TEAPOY TEASED TEASEL TEASER TEAZLE TECHIE TECHNO TECTUM TEDDER TEDIUM TEENSY TEEPEE TEETER TEETHE TEFLON TEGMEN TEHRAN TEKKIE TELFER TELLER TELLUS TELNET TELSON TELUGU TEMPEH TEMPER TEMPLE TEMPRA TEMUCO TENACE TENANT TENDER TENDON TENNER TENNIS TENPIN TENREC TENSED TENSOR TENTER TENURE TENUTO TEPHRA TERCEL TERCET TEREDO TERESA TERETE TERGUM TERRET TERROR TESTED TESTEE TESTER TESTIS TETANY TETCHY TETHER TETHYS TETRAD TETRYL TETTER TEUTON TEVERE TEXTER THALER THALES THALIA THAMES THANKS THATCH THAWED THEBAN THEIRS THEISM THEIST THEMED THEMIS THENAR THENCE THEORY THESIS THETIS THIEVE THINGS THINGY THIRST THIRTY THOMAS THORAX THORIA THORNY THORPE THOUGH THRACE THRALL THRASH THREAD THREAP THREAT THRESH THRICE THRIFT THRILL THRIPS THRIVE THROAT THROES THRONE THRONG THROWN THRUSH THRUST THUSLY THWACK THWART THYMIC THYMOL THYMUS TIAMAT TIBIAL TICINO TICKER TICKET TICKLE TICKLY TICTAC TIDBIT TIDDLY TIERCE TIERED TIFFIN TIFLIS TIGHTS TIGLON TIGRIS TILDEN TILING TILLED TILLER TILTED TILTER TIMBAL TIMBER TIMBRE TIMELY TIMGAD TIMING TINDER TINGLE TINGLY TINKER TINKLE TINNER TINSEL TIPCAT TIPPED TIPPER TIPPET TIPPEX TIPPLE TIPTOE TIPTOP TIRADE TIRANA TIRING TISANE TISHRI TISSUE TITBIT TITCHY TITHER TITIAN TITLED TITLER TITTER TITTLE TIVOLI TMESIS TOASTY TOBAGO TOCSIN TODDLE TODGER TOERAG TOFFEE TOGGLE TOILER TOILET TOLEDO TOLLER TOLTEC TOMATO TOMBAC TOMBAK TOMBOY TOMCAT TOMCOD TOMTIT TONGAN TONGUE TONITE TONSIL TOONIE TOOTER TOOTHY TOOTLE TOOTSY TOPEKA TOPHET TOPHUS TOPPED TOPPER TOPPLE TORERO TORINO TOROID TORPID TORPOR TORQUE TOSSER TOSSUP TOTARA TOTTER TOTTIE TOUCAN TOUCHY TOULON TOUPEE TOUQUE TOUSLE TOUTER TOWARD TOWHEE TOWNER TOWNES TOWNIE TOXOID TOYING TRACER TRADER TRAGIC TRAGUS TRAJAN TRANCE TRANNY TRASHY TRAUMA TRAVEL TREATY TREBLE TREMIE TREMOR TRENCH TRENDY TRENTO TREPAN TREPID TRIAGE TRIBAL TRICKY TRICOT TRIFID TRIFLE TRIGON TRILBY TRIMER TRIMOX TRINGA TRIODE TRIOPS TRIOSE TRIPLE TRIPLY TRIPOD TRIPOS TRIPPY TRISTE TRITON TRIUNE TRIVET TRIVIA TROCAR TROCHE TROGON TROIKA TROJAN TROOPS TROPHY TROPIC TROPPO TROUGH TROUPE TROVER TROWEL TRUANT TRUDGE TRUISM TRUMAN TRUMBO TRUNKS TRUSTY TRYING TRYOUT TSETSE TSONGA TSORIS TSOTSI TSURIS TSWANA TUAREG TUBING TUBMAN TUBULE TUCANA TUCKED TUCKER TUCSON TUDUNG TUFFET TUFTED TUGGER TUGRIK TUILLE TULIPA TUMBLE TUMOUR TUMULT TUNDRA TUNICA TUNING TUNNEL TUNNEY TUPELO TURACO TURBAN TURBID TURBIT TURBOT TUREEN TURFAN TURGID TURGOR TURGOT TURING TURION TURKEY TURKIC TURNED TURNER TURNIP TURNUP TURPIN TURRET TURTLE TUSCAN TUSKER TUSSLE TUVALU TUXEDO TWANGY TWEEDY TWEENY TWEEZE TWELVE TWENTY TWIGGY TWILIT TWINGE TWIRLY TWISTY TWITCH TWOFER TYCOON TYMPAN TYPHON TYPHUS TYPIFY TYPING TYPIST TYRANT UAKARI UBIETY UDMURT UGANDA UGLIFY UIGHUR ULLAGE ULSTER ULTIMA ULTIMO UMBRIA UMLAUT UMPIRE UNABLE UNBIND UNBORN UNCIAL UNCLAD UNCLOG UNCOOL UNCORK UNDEAD UNDIES UNDINE UNDONE UNDULY UNEASE UNEASY UNESCO UNEVEN UNFAIR UNFOLD UNFREE UNFURL UNGUAL UNGUIS UNHOLY UNICEF UNIPOD UNIQUE UNISEX UNISON UNITED UNJUST UNKEPT UNKIND UNLESS UNLIKE UNLINK UNLOAD UNLOCK UNMASK UNMOOR UNPACK UNPAID UNPLUG UNREAD UNREAL UNREST UNRIPE UNROLL UNRULY UNSAFE UNSAID UNSEEN UNSEXY UNSHOD UNSUNG UNSURE UNTHAW UNTIDY UNTIED UNTOLD UNTRUE UNUSED UNVEIL UNWARY UNWELL UNWIND UNWIRE UNWISE UNWRAP UPBEAT UPDATE UPDIKE UPHILL UPHOLD UPJOHN UPKEEP UPLAND UPLIFT UPLINK UPLOAD UPMOST UPPITY UPRISE UPROAR UPROOT UPSALA UPSELL UPSHOT UPSIDE UPTAKE UPTICK UPTIME UPTOWN UPTURN UPWARD UPWIND URACIL URAEUS URALIC URANIA URANUS URANYL URBANA URBANE URCHIN UREASE UREMIA UREMIC URETER URGENT URGING URINAL URSINE URTICA USABLE USACIL USANCE USEFUL USENET USSHER USURER UTAHAN UTERUS UTMOST UTOPIA UVULAR VACANT VACATE VACUUM VADOSE VAGARY VAGILE VAINLY VAISYA VALDEZ VALENT VALETA VALGUS VALINE VALISE VALIUM VALLEY VALLUM VALOIS VALOUR VALUED VALUES VANDAL VANISH VANITY VAPORS VAPOUR VARESE VARGAS VARIED VARLET VARUNA VASARI VASSAL VASTLY VEBLEN VECTOR VEDISM VEGGIE VEILED VELBAN VELCRO VELETA VELLUM VELOUR VELVET VENDEE VENDER VENDOR VENDUE VENEER VENERY VENETO VENIAL VENICE VENIRE VENOUS VENTED VENTER VENULE VERBAL VERDIN VERDUN VERGER VERGIL VERIFY VERILY VERITY VERMIN VERMIS VERNAL VERNER VERNIX VERONA VERSED VERSUS VERTEX VERVET VESICA VESPER VESPID VESSEL VESTAL VESTED VESTRY VEXING VIABLE VIANDS VIBORG VIBRIO VICTIM VICTOR VICUNA VIENNA VIENNE VIEWER VIGOUR VIKING VILIFY VILLON VILLUS VINERY VINOUS VINSON VIOLET VIOLIN VIPERA VIRAGO VIRGIL VIRILE VIRION VIROID VIRTUE VISAGE VISCID VISCUM VISCUS VISHNU VISION VISKEN VISUAL VITALS VITTLE VIVACE VIVIFY VIZARD VIZIER VIZSLA VODOUN VOICED VOICER VOLANS VOLANT VOLLEY VOLUME VOLUTE VOLVOX VOODOO VORTEX VOTARY VOTING VOTIVE VOYAGE VOYEUR VULCAN VULGAR VULPES VULVAR WABASH WABBIT WADDLE WADERS WADING WAFFLE WAGGLE WAGGON WAGNER WAGRAM WAHABI WAHINE WAILER WAITER WAIVER WAKING WALESA WALKER WALLAH WALLER WALLET WALLOP WALLOW WALNUT WALRUS WALTER WALTON WAMBLE WAMPUM WANDER WANGLE WANING WANKER WANTED WANTER WANTON WAPITI WARBLE WARDEN WARDER WARHOL WARILY WARMER WARMLY WARMTH WARNER WARPED WARREN WARSAW WASABI WASHED WASHER WASTED WASTER WATERS WATERY WATSON WATTLE WATUSI WAUSAU WAVING WAXING WAYLAY WEAKEN WEAKLY WEALTH WEANED WEAPON WEARER WEASEL WEAVER WEBBED WEBCAM WEBIFY WEBTOP WEDDED WEDGED WEDGIE WEEDER WEEKLY WEENIE WEEPER WEEVER WEEVIL WEEWEE WEIGHT WEIMAR WEIRDO WELDER WELKIN WELLES WELLIE WELTER WESLEY WESSEX WESTER WESTON WETHER WETTER WHACKO WHACKY WHALER WHAMMY WHANAU WHEEZE WHEEZY WHENCE WHERRY WHILOM WHILST WHIMSY WHINER WHINEY WHINGE WHINNY WHISKY WHITEN WHITEY WHOLLY WHOOPS WHOOSH WHYDAH WICCAN WICKED WICKER WICKET WIDDLE WIDELY WIDGET WIELDY WIENER WIENIE WIESEL WIFFLE WIGEON WIGGLE WIGGLY WIGNER WIGWAG WIGWAM WIKIUP WILDER WILDLY WILFUL WILKES WILLET WILLIE WILLIS WILLOW WILSON WILTED WILTON WIMBLE WIMPLE WINDED WINDER WINDOW WINDUP WINERY WINGED WINGER WINKER WINKLE WINNER WINNOW WINTER WINTRY WIRING WISDOM WISELY WISENT WISTER WITHAL WITHER WITHIN WITTED WITTER WITTOL WIZARD WOBBLE WOBBLY WOEFUL WOGGLE WOMBAT WONDER WONTED WONTON WOODED WOODEN WOODSY WOOFER WOOING WOOLEN WOOLLY WORKER WORMER WORSEN WORTHY WOTCHA WOWSER WRAITH WRASSE WREATH WRENCH WRETCH WRIGHT WRITER WRITHE WYCLIF WYVERN XANADU XAVIER XCVIII XENIAL XERXES XIZANG XYLENE XYLOSE XYSTUS YABBER YAFFLE YAHVEH YAHWEH YAKIMA YAKUZA YAMANI YAMMER YANGON YANKEE YANKER YANQUI YARDER YARDIE YARROW YAUPON YAUTIA YCLEPT YEARLY YEASTY YELLED YELLER YELLOW YEMENI YEOMAN YERKES YESTER YIPPEE YIPPIE YOGINI YOGURT YOICKS YOKUTS YOLKED YONDER YORKER YORUBA YOWLER YTTRIA YUNNAN YUPPIE ZAFTIG ZAGREB ZAMBIA ZANDER ZANTAC ZANUCK ZAPATA ZAPPER ZEALOT ZEEMAN ZENANA ZENITH ZEPHYR ZEROTH ZESTER ZEUGMA ZHUANG ZHUKOV ZIGZAG ZIMMER ZINGER ZINNIA ZIPPER ZIRCON ZITHER ZODIAC ZOFTIG ZOLOFT ZONING ZONKED ZOSTER ZOUAVE ZOUNDS ZOYSIA ZURICH ZURVAN ZYDECO ZYGOMA ZYGOTE ZYMASE
 
